gmDate,T1name,T1score,T2name,T2score,outcome
2017-10-17,Boston Celtics,99,Cleveland Cavaliers,102,1
2017-10-17,Houston Rockets,122,Golden State Warriors,121,0
2017-10-18,Milwaukee Bucks,108,Boston Celtics,100,0
2017-10-18,Atlanta Hawks,117,Dallas Mavericks,111,0
2017-10-18,Charlotte Hornets,90,Detroit Pistons,102,1
2017-10-18,Brooklyn Nets,131,Indiana Pacers,140,1
2017-10-18,New Orleans Pelicans,91,Memphis Grizzlies,103,1
2017-10-18,Miami Heat,109,Orlando Magic,116,1
2017-10-18,Portland Trail Blazers,124,Phoenix Suns,76,0
2017-10-18,Houston Rockets,105,Sacramento Kings,100,0
2017-10-18,Minnesota Timberwolves,99,San Antonio Spurs,107,1
2017-10-18,Denver Nuggets,96,Utah Jazz,106,1
2017-10-18,Philadelphia 76ers,115,Washington Wizards,120,1
2017-10-19,Los Angeles Clippers,108,Los Angeles Lakers,92,0
2017-10-19,New York Knicks,84,Oklahoma City Thunder,105,1
2017-10-19,Chicago Bulls,100,Toronto Raptors,117,1
2017-10-20,Orlando Magic,121,Brooklyn Nets,126,1
2017-10-20,Atlanta Hawks,91,Charlotte Hornets,109,1
2017-10-20,Sacramento Kings,93,Dallas Mavericks,88,0
2017-10-20,Portland Trail Blazers,114,Indiana Pacers,96,0
2017-10-20,Cleveland Cavaliers,116,Milwaukee Bucks,97,0
2017-10-20,Utah Jazz,97,Minnesota Timberwolves,100,1
2017-10-20,Golden State Warriors,128,New Orleans Pelicans,120,0
2017-10-20,Boston Celtics,102,Philadelphia 76ers,92,0
2017-10-20,Los Angeles Lakers,132,Phoenix Suns,130,0
2017-10-20,Detroit Pistons,111,Washington Wizards,115,1
2017-10-21,San Antonio Spurs,87,Chicago Bulls,77,0
2017-10-21,Orlando Magic,114,Cleveland Cavaliers,93,0
2017-10-21,Sacramento Kings,79,Denver Nuggets,96,1
2017-10-21,Dallas Mavericks,91,Houston Rockets,107,1
2017-10-21,Phoenix Suns,88,Los Angeles Clippers,130,1
2017-10-21,Golden State Warriors,101,Memphis Grizzlies,111,1
2017-10-21,Indiana Pacers,108,Miami Heat,112,1
2017-10-21,Portland Trail Blazers,110,Milwaukee Bucks,113,1
2017-10-21,Detroit Pistons,111,New York Knicks,107,0
2017-10-21,Philadelphia 76ers,94,Toronto Raptors,128,1
2017-10-21,Oklahoma City Thunder,87,Utah Jazz,96,1
2017-10-22,Atlanta Hawks,104,Brooklyn Nets,116,1
2017-10-22,New Orleans Pelicans,119,Los Angeles Lakers,112,0
2017-10-22,Minnesota Timberwolves,115,Oklahoma City Thunder,113,0
2017-10-23,Golden State Warriors,133,Dallas Mavericks,103,0
2017-10-23,Washington Wizards,109,Denver Nuggets,104,0
2017-10-23,Philadelphia 76ers,97,Detroit Pistons,86,0
2017-10-23,Memphis Grizzlies,98,Houston Rockets,90,0
2017-10-23,Atlanta Hawks,93,Miami Heat,104,1
2017-10-23,Charlotte Hornets,94,Milwaukee Bucks,103,1
2017-10-23,Sacramento Kings,115,Phoenix Suns,117,1
2017-10-23,Toronto Raptors,97,San Antonio Spurs,101,1
2017-10-24,New York Knicks,89,Boston Celtics,110,1
2017-10-24,Chicago Bulls,112,Cleveland Cavaliers,119,1
2017-10-24,Utah Jazz,84,Los Angeles Clippers,102,1
2017-10-24,Indiana Pacers,130,Minnesota Timberwolves,107,0
2017-10-24,Brooklyn Nets,121,Orlando Magic,125,1
2017-10-24,New Orleans Pelicans,93,Portland Trail Blazers,103,1
2017-10-25,Cleveland Cavaliers,107,Brooklyn Nets,112,1
2017-10-25,Denver Nuggets,93,Charlotte Hornets,110,1
2017-10-25,Memphis Grizzlies,94,Dallas Mavericks,103,1
2017-10-25,Minnesota Timberwolves,101,Detroit Pistons,122,1
2017-10-25,Toronto Raptors,112,Golden State Warriors,117,1
2017-10-25,Washington Wizards,99,Los Angeles Lakers,102,1
2017-10-25,San Antonio Spurs,117,Miami Heat,100,0
2017-10-25,Indiana Pacers,96,Oklahoma City Thunder,114,1
2017-10-25,Houston Rockets,105,Philadelphia 76ers,104,0
2017-10-25,Utah Jazz,88,Phoenix Suns,97,1
2017-10-26,Atlanta Hawks,86,Chicago Bulls,91,1
2017-10-26,Dallas Mavericks,91,Memphis Grizzlies,96,1
2017-10-26,Boston Celtics,96,Milwaukee Bucks,89,0
2017-10-26,Los Angeles Clippers,104,Portland Trail Blazers,103,0
2017-10-26,New Orleans Pelicans,114,Sacramento Kings,106,0
2017-10-27,Denver Nuggets,105,Atlanta Hawks,100,0
2017-10-27,Houston Rockets,109,Charlotte Hornets,93,0
2017-10-27,Washington Wizards,117,Golden State Warriors,120,1
2017-10-27,Toronto Raptors,101,Los Angeles Lakers,92,0
2017-10-27,Oklahoma City Thunder,116,Minnesota Timberwolves,119,1
2017-10-27,Brooklyn Nets,86,New York Knicks,107,1
2017-10-27,San Antonio Spurs,87,Orlando Magic,114,1
2017-10-28,Oklahoma City Thunder,101,Chicago Bulls,69,0
2017-10-28,Philadelphia 76ers,112,Dallas Mavericks,110,0
2017-10-28,Detroit Pistons,95,Los Angeles Clippers,87,0
2017-10-28,Houston Rockets,89,Memphis Grizzlies,103,1
2017-10-28,Boston Celtics,96,Miami Heat,90,0
2017-10-28,Cleveland Cavaliers,101,New Orleans Pelicans,123,1
2017-10-28,Phoenix Suns,107,Portland Trail Blazers,114,1
2017-10-28,Los Angeles Lakers,81,Utah Jazz,96,1
2017-10-29,Milwaukee Bucks,117,Atlanta Hawks,106,0
2017-10-29,Denver Nuggets,124,Brooklyn Nets,111,0
2017-10-29,Orlando Magic,113,Charlotte Hornets,120,1
2017-10-29,New York Knicks,114,Cleveland Cavaliers,95,0
2017-10-29,Detroit Pistons,115,Golden State Warriors,107,0
2017-10-29,San Antonio Spurs,94,Indiana Pacers,97,1
2017-10-29,Washington Wizards,110,Sacramento Kings,83,0
2017-10-30,San Antonio Spurs,94,Boston Celtics,108,1
2017-10-30,Philadelphia 76ers,115,Houston Rockets,107,0
2017-10-30,Golden State Warriors,141,Los Angeles Clippers,113,0
2017-10-30,Charlotte Hornets,104,Memphis Grizzlies,99,0
2017-10-30,Minnesota Timberwolves,125,Miami Heat,122,0
2017-10-30,Orlando Magic,115,New Orleans Pelicans,99,0
2017-10-30,Denver Nuggets,110,New York Knicks,116,1
2017-10-30,Toronto Raptors,99,Portland Trail Blazers,85,0
2017-10-30,Dallas Mavericks,89,Utah Jazz,104,1
2017-10-31,Phoenix Suns,122,Brooklyn Nets,114,0
2017-10-31,Sacramento Kings,83,Indiana Pacers,101,1
2017-10-31,Detroit Pistons,93,Los Angeles Lakers,113,1
2017-10-31,Oklahoma City Thunder,110,Milwaukee Bucks,91,0
2017-11-01,Sacramento Kings,86,Boston Celtics,113,1
2017-11-01,Milwaukee Bucks,121,Charlotte Hornets,126,1
2017-11-01,Indiana Pacers,124,Cleveland Cavaliers,107,0
2017-11-01,Toronto Raptors,111,Denver Nuggets,129,1
2017-11-01,Dallas Mavericks,98,Los Angeles Clippers,119,1
2017-11-01,Orlando Magic,101,Memphis Grizzlies,99,0
2017-11-01,Chicago Bulls,91,Miami Heat,97,1
2017-11-01,Minnesota Timberwolves,104,New Orleans Pelicans,98,0
2017-11-01,Houston Rockets,119,New York Knicks,97,0
2017-11-01,Atlanta Hawks,109,Philadelphia 76ers,119,1
2017-11-01,Portland Trail Blazers,103,Utah Jazz,112,1
2017-11-01,Phoenix Suns,122,Washington Wizards,116,0
2017-11-02,Los Angeles Lakers,110,Portland Trail Blazers,113,1
2017-11-02,Golden State Warriors,112,San Antonio Spurs,92,0
2017-11-03,Houston Rockets,119,Atlanta Hawks,104,0
2017-11-03,New Orleans Pelicans,99,Dallas Mavericks,94,0
2017-11-03,Miami Heat,94,Denver Nuggets,95,1
2017-11-03,Milwaukee Bucks,96,Detroit Pistons,105,1
2017-11-03,Brooklyn Nets,112,Los Angeles Lakers,124,1
2017-11-03,Phoenix Suns,107,New York Knicks,120,1
2017-11-03,Boston Celtics,101,Oklahoma City Thunder,94,0
2017-11-03,Chicago Bulls,105,Orlando Magic,83,0
2017-11-03,Indiana Pacers,110,Philadelphia 76ers,121,1
2017-11-03,Charlotte Hornets,101,San Antonio Spurs,108,1
2017-11-03,Toronto Raptors,109,Utah Jazz,100,0
2017-11-03,Cleveland Cavaliers,130,Washington Wizards,122,0
2017-11-04,New Orleans Pelicans,96,Chicago Bulls,90,0
2017-11-04,Golden State Warriors,127,Denver Nuggets,108,0
2017-11-04,Sacramento Kings,99,Detroit Pistons,108,1
2017-11-04,Memphis Grizzlies,113,Los Angeles Clippers,104,0
2017-11-04,Dallas Mavericks,99,Minnesota Timberwolves,112,1
2017-11-05,Atlanta Hawks,117,Cleveland Cavaliers,115,0
2017-11-05,Utah Jazz,110,Houston Rockets,137,1
2017-11-05,Miami Heat,104,Los Angeles Clippers,101,0
2017-11-05,Memphis Grizzlies,102,Los Angeles Lakers,107,1
2017-11-05,Charlotte Hornets,94,Minnesota Timberwolves,112,1
2017-11-05,Indiana Pacers,101,New York Knicks,108,1
2017-11-05,Boston Celtics,104,Orlando Magic,88,0
2017-11-05,Oklahoma City Thunder,99,Portland Trail Blazers,103,1
2017-11-05,Phoenix Suns,95,San Antonio Spurs,112,1
2017-11-05,Washington Wizards,107,Toronto Raptors,96,0
2017-11-06,Boston Celtics,110,Atlanta Hawks,107,0
2017-11-06,Miami Heat,80,Golden State Warriors,97,1
2017-11-06,Brooklyn Nets,98,Phoenix Suns,92,0
2017-11-07,Milwaukee Bucks,119,Cleveland Cavaliers,124,1
2017-11-07,Brooklyn Nets,104,Denver Nuggets,112,1
2017-11-07,New Orleans Pelicans,117,Indiana Pacers,112,0
2017-11-07,Charlotte Hornets,113,New York Knicks,118,1
2017-11-07,Memphis Grizzlies,98,Portland Trail Blazers,97,0
2017-11-07,Oklahoma City Thunder,86,Sacramento Kings,94,1
2017-11-07,Los Angeles Clippers,107,San Antonio Spurs,120,1
2017-11-07,Chicago Bulls,114,Toronto Raptors,119,1
2017-11-07,Philadelphia 76ers,104,Utah Jazz,97,0
2017-11-07,Dallas Mavericks,113,Washington Wizards,99,0
2017-11-08,Los Angeles Lakers,96,Boston Celtics,107,1
2017-11-08,Indiana Pacers,97,Detroit Pistons,114,1
2017-11-08,Minnesota Timberwolves,101,Golden State Warriors,125,1
2017-11-08,New York Knicks,99,Orlando Magic,112,1
2017-11-08,Miami Heat,126,Phoenix Suns,115,0
2017-11-09,Oklahoma City Thunder,94,Denver Nuggets,102,1
2017-11-09,Cleveland Cavaliers,113,Houston Rockets,117,1
2017-11-09,Philadelphia 76ers,108,Sacramento Kings,109,1
2017-11-09,New Orleans Pelicans,118,Toronto Raptors,122,1
2017-11-09,Los Angeles Lakers,95,Washington Wizards,111,1
2017-11-10,Charlotte Hornets,87,Boston Celtics,90,1
2017-11-10,Indiana Pacers,105,Chicago Bulls,87,0
2017-11-10,Atlanta Hawks,104,Detroit Pistons,111,1
2017-11-10,Los Angeles Clippers,111,Oklahoma City Thunder,120,1
2017-11-10,Orlando Magic,128,Phoenix Suns,112,0
2017-11-10,Brooklyn Nets,101,Portland Trail Blazers,97,0
2017-11-10,Milwaukee Bucks,94,San Antonio Spurs,87,0
2017-11-10,Miami Heat,84,Utah Jazz,74,0
2017-11-11,Cleveland Cavaliers,111,Dallas Mavericks,104,0
2017-11-11,Orlando Magic,107,Denver Nuggets,125,1
2017-11-11,Philadelphia 76ers,114,Golden State Warriors,135,1
2017-11-11,Memphis Grizzlies,96,Houston Rockets,111,1
2017-11-11,Los Angeles Lakers,90,Milwaukee Bucks,98,1
2017-11-11,Los Angeles Clippers,103,New Orleans Pelicans,111,1
2017-11-11,Sacramento Kings,91,New York Knicks,118,1
2017-11-11,Minnesota Timberwolves,110,Phoenix Suns,118,1
2017-11-11,Chicago Bulls,94,San Antonio Spurs,133,1
2017-11-11,Brooklyn Nets,106,Utah Jazz,114,1
2017-11-11,Atlanta Hawks,94,Washington Wizards,113,1
2017-11-12,Toronto Raptors,94,Boston Celtics,95,1
2017-11-12,Miami Heat,103,Detroit Pistons,112,1
2017-11-12,Houston Rockets,118,Indiana Pacers,95,0
2017-11-12,Dallas Mavericks,99,Oklahoma City Thunder,112,1
2017-11-13,Orlando Magic,100,Golden State Warriors,110,1
2017-11-13,Philadelphia 76ers,109,Los Angeles Clippers,105,0
2017-11-13,Memphis Grizzlies,103,Milwaukee Bucks,110,1
2017-11-13,Atlanta Hawks,105,New Orleans Pelicans,106,1
2017-11-13,Cleveland Cavaliers,104,New York Knicks,101,0
2017-11-13,Los Angeles Lakers,100,Phoenix Suns,93,0
2017-11-13,Denver Nuggets,82,Portland Trail Blazers,99,1
2017-11-13,Minnesota Timberwolves,109,Utah Jazz,98,0
2017-11-13,Sacramento Kings,92,Washington Wizards,110,1
2017-11-14,Boston Celtics,109,Brooklyn Nets,102,0
2017-11-14,San Antonio Spurs,97,Dallas Mavericks,91,0
2017-11-14,Toronto Raptors,129,Houston Rockets,113,0
2017-11-15,Sacramento Kings,80,Atlanta Hawks,126,1
2017-11-15,Cleveland Cavaliers,115,Charlotte Hornets,107,0
2017-11-15,Philadelphia 76ers,115,Los Angeles Lakers,109,0
2017-11-15,Indiana Pacers,116,Memphis Grizzlies,113,0
2017-11-15,Washington Wizards,102,Miami Heat,93,0
2017-11-15,Detroit Pistons,95,Milwaukee Bucks,99,1
2017-11-15,San Antonio Spurs,86,Minnesota Timberwolves,98,1
2017-11-15,Toronto Raptors,125,New Orleans Pelicans,116,0
2017-11-15,Utah Jazz,101,New York Knicks,106,1
2017-11-15,Chicago Bulls,79,Oklahoma City Thunder,92,1
2017-11-15,Orlando Magic,94,Portland Trail Blazers,99,1
2017-11-16,Golden State Warriors,88,Boston Celtics,92,1
2017-11-16,Houston Rockets,142,Phoenix Suns,116,0
2017-11-17,Utah Jazz,107,Brooklyn Nets,118,1
2017-11-17,Charlotte Hornets,120,Chicago Bulls,123,1
2017-11-17,Los Angeles Clippers,113,Cleveland Cavaliers,118,1
2017-11-17,Minnesota Timberwolves,111,Dallas Mavericks,87,0
2017-11-17,New Orleans Pelicans,114,Denver Nuggets,146,1
2017-11-17,Detroit Pistons,100,Indiana Pacers,107,1
2017-11-17,Phoenix Suns,122,Los Angeles Lakers,113,0
2017-11-17,Portland Trail Blazers,82,Sacramento Kings,86,1
2017-11-17,Oklahoma City Thunder,101,San Antonio Spurs,104,1
2017-11-17,New York Knicks,84,Toronto Raptors,107,1
2017-11-17,Miami Heat,91,Washington Wizards,88,0
2017-11-18,Boston Celtics,110,Atlanta Hawks,99,0
2017-11-18,Los Angeles Clippers,87,Charlotte Hornets,102,1
2017-11-18,Milwaukee Bucks,79,Dallas Mavericks,111,1
2017-11-18,Houston Rockets,105,Memphis Grizzlies,83,0
2017-11-18,Utah Jazz,125,Orlando Magic,85,0
2017-11-18,Golden State Warriors,124,Philadelphia 76ers,116,0
2017-11-18,Sacramento Kings,90,Portland Trail Blazers,102,1
2017-11-19,Golden State Warriors,118,Brooklyn Nets,111,0
2017-11-19,Denver Nuggets,109,Los Angeles Lakers,127,1
2017-11-19,Indiana Pacers,120,Miami Heat,95,0
2017-11-19,Detroit Pistons,100,Minnesota Timberwolves,97,0
2017-11-19,Chicago Bulls,105,Phoenix Suns,113,1
2017-11-19,Washington Wizards,91,Toronto Raptors,100,1
2017-11-20,Minnesota Timberwolves,102,Charlotte Hornets,118,1
2017-11-20,Boston Celtics,110,Dallas Mavericks,102,0
2017-11-20,Cleveland Cavaliers,116,Detroit Pistons,88,0
2017-11-20,Portland Trail Blazers,100,Memphis Grizzlies,92,0
2017-11-20,Washington Wizards,99,Milwaukee Bucks,88,0
2017-11-20,Oklahoma City Thunder,107,New Orleans Pelicans,114,1
2017-11-20,Los Angeles Clippers,85,New York Knicks,107,1
2017-11-20,Indiana Pacers,105,Orlando Magic,97,0
2017-11-20,Utah Jazz,86,Philadelphia 76ers,107,1
2017-11-20,Denver Nuggets,114,Sacramento Kings,98,0
2017-11-20,Atlanta Hawks,85,San Antonio Spurs,96,1
2017-11-21,Chicago Bulls,94,Los Angeles Lakers,103,1
2017-11-22,Los Angeles Clippers,116,Atlanta Hawks,103,0
2017-11-22,Washington Wizards,124,Charlotte Hornets,129,1
2017-11-22,Brooklyn Nets,109,Cleveland Cavaliers,119,1
2017-11-22,Denver Nuggets,95,Houston Rockets,125,1
2017-11-22,Dallas Mavericks,95,Memphis Grizzlies,94,0
2017-11-22,Boston Celtics,98,Miami Heat,104,1
2017-11-22,Orlando Magic,118,Minnesota Timberwolves,124,1
2017-11-22,San Antonio Spurs,90,New Orleans Pelicans,107,1
2017-11-22,Toronto Raptors,100,New York Knicks,108,1
2017-11-22,Golden State Warriors,91,Oklahoma City Thunder,108,1
2017-11-22,Portland Trail Blazers,81,Philadelphia 76ers,101,1
2017-11-22,Milwaukee Bucks,113,Phoenix Suns,107,0
2017-11-22,Los Angeles Lakers,102,Sacramento Kings,113,1
2017-11-22,Chicago Bulls,80,Utah Jazz,110,1
2017-11-24,New York Knicks,104,Atlanta Hawks,116,1
2017-11-24,Orlando Magic,103,Boston Celtics,118,1
2017-11-24,Portland Trail Blazers,127,Brooklyn Nets,125,0
2017-11-24,Charlotte Hornets,99,Cleveland Cavaliers,100,1
2017-11-24,Memphis Grizzlies,92,Denver Nuggets,104,1
2017-11-24,Chicago Bulls,94,Golden State Warriors,143,1
2017-11-24,Toronto Raptors,104,Indiana Pacers,107,1
2017-11-24,Miami Heat,109,Minnesota Timberwolves,97,0
2017-11-24,Detroit Pistons,99,Oklahoma City Thunder,98,0
2017-11-24,New Orleans Pelicans,115,Phoenix Suns,91,0
2017-11-25,Toronto Raptors,112,Atlanta Hawks,78,0
2017-11-25,San Antonio Spurs,106,Charlotte Hornets,86,0
2017-11-25,Oklahoma City Thunder,81,Dallas Mavericks,97,1
2017-11-25,New Orleans Pelicans,95,Golden State Warriors,110,1
2017-11-25,New York Knicks,102,Houston Rockets,117,1
2017-11-25,Boston Celtics,108,Indiana Pacers,98,0
2017-11-25,Orlando Magic,111,Philadelphia 76ers,130,1
2017-11-25,Los Angeles Clippers,97,Sacramento Kings,95,0
2017-11-25,Milwaukee Bucks,108,Utah Jazz,121,1
2017-11-25,Portland Trail Blazers,108,Washington Wizards,105,0
2017-11-26,Miami Heat,100,Chicago Bulls,93,0
2017-11-26,Brooklyn Nets,98,Memphis Grizzlies,88,0
2017-11-26,Phoenix Suns,108,Minnesota Timberwolves,119,1
2017-11-27,Detroit Pistons,118,Boston Celtics,108,0
2017-11-27,Sacramento Kings,110,Golden State Warriors,106,0
2017-11-27,Brooklyn Nets,103,Houston Rockets,117,1
2017-11-27,Orlando Magic,109,Indiana Pacers,121,1
2017-11-27,Los Angeles Lakers,115,Los Angeles Clippers,120,1
2017-11-27,Portland Trail Blazers,103,New York Knicks,91,0
2017-11-27,Cleveland Cavaliers,113,Philadelphia 76ers,91,0
2017-11-27,Dallas Mavericks,108,San Antonio Spurs,115,1
2017-11-28,Phoenix Suns,104,Chicago Bulls,99,0
2017-11-28,Miami Heat,97,Cleveland Cavaliers,108,1
2017-11-28,Washington Wizards,92,Minnesota Timberwolves,89,0
2017-11-28,Milwaukee Bucks,112,Sacramento Kings,87,0
2017-11-28,Denver Nuggets,77,Utah Jazz,106,1
2017-11-29,Brooklyn Nets,109,Dallas Mavericks,104,0
2017-11-29,Phoenix Suns,107,Detroit Pistons,131,1
2017-11-29,Indiana Pacers,97,Houston Rockets,118,1
2017-11-29,Golden State Warriors,127,Los Angeles Lakers,123,0
2017-11-29,Minnesota Timberwolves,120,New Orleans Pelicans,102,0
2017-11-29,Miami Heat,86,New York Knicks,115,1
2017-11-29,Oklahoma City Thunder,108,Orlando Magic,121,1
2017-11-29,Washington Wizards,113,Philadelphia 76ers,118,1
2017-11-29,Memphis Grizzlies,95,San Antonio Spurs,104,1
2017-11-29,Charlotte Hornets,113,Toronto Raptors,126,1
2017-11-30,Cleveland Cavaliers,121,Atlanta Hawks,114,0
2017-11-30,Philadelphia 76ers,97,Boston Celtics,108,1
2017-11-30,Chicago Bulls,110,Denver Nuggets,111,1
2017-11-30,Utah Jazz,126,Los Angeles Clippers,107,0
2017-11-30,Milwaukee Bucks,103,Portland Trail Blazers,91,0
2017-12-01,Sacramento Kings,107,Chicago Bulls,106,0
2017-12-01,San Antonio Spurs,95,Memphis Grizzlies,79,0
2017-12-01,Charlotte Hornets,100,Miami Heat,105,1
2017-12-01,Minnesota Timberwolves,107,Oklahoma City Thunder,111,1
2017-12-01,Golden State Warriors,133,Orlando Magic,112,0
2017-12-01,Indiana Pacers,115,Toronto Raptors,120,1
2017-12-01,New Orleans Pelicans,108,Utah Jazz,114,1
2017-12-01,Detroit Pistons,91,Washington Wizards,109,1
2017-12-02,Phoenix Suns,111,Boston Celtics,116,1
2017-12-02,Atlanta Hawks,114,Brooklyn Nets,102,0
2017-12-02,Memphis Grizzlies,111,Cleveland Cavaliers,116,1
2017-12-02,Los Angeles Clippers,82,Dallas Mavericks,108,1
2017-12-02,Los Angeles Lakers,100,Denver Nuggets,115,1
2017-12-02,Sacramento Kings,104,Milwaukee Bucks,109,1
2017-12-02,Detroit Pistons,103,Philadelphia 76ers,108,1
2017-12-02,New Orleans Pelicans,123,Portland Trail Blazers,116,0
2017-12-03,Houston Rockets,118,Los Angeles Lakers,95,0
2017-12-03,Golden State Warriors,123,Miami Heat,95,0
2017-12-03,Los Angeles Clippers,106,Minnesota Timberwolves,112,1
2017-12-03,Orlando Magic,105,New York Knicks,100,0
2017-12-03,San Antonio Spurs,87,Oklahoma City Thunder,90,1
2017-12-04,Brooklyn Nets,110,Atlanta Hawks,90,0
2017-12-04,Milwaukee Bucks,100,Boston Celtics,111,1
2017-12-04,Cleveland Cavaliers,113,Chicago Bulls,91,0
2017-12-04,Orlando Magic,94,Charlotte Hornets,104,1
2017-12-04,Denver Nuggets,105,Dallas Mavericks,122,1
2017-12-04,New York Knicks,97,Indiana Pacers,115,1
2017-12-04,Minnesota Timberwolves,92,Memphis Grizzlies,95,1
2017-12-04,Golden State Warriors,125,New Orleans Pelicans,115,0
2017-12-04,Phoenix Suns,115,Philadelphia 76ers,101,0
2017-12-04,Detroit Pistons,93,San Antonio Spurs,96,1
2017-12-04,Washington Wizards,69,Utah Jazz,116,1
2017-12-05,Utah Jazz,94,Oklahoma City Thunder,100,1
2017-12-05,Washington Wizards,106,Portland Trail Blazers,92,0
2017-12-05,Phoenix Suns,113,Toronto Raptors,126,1
2017-12-06,Dallas Mavericks,90,Boston Celtics,97,1
2017-12-06,Golden State Warriors,101,Charlotte Hornets,87,0
2017-12-06,Sacramento Kings,95,Cleveland Cavaliers,101,1
2017-12-06,Chicago Bulls,96,Indiana Pacers,98,1
2017-12-06,Minnesota Timberwolves,113,Los Angeles Clippers,107,0
2017-12-06,Detroit Pistons,100,Milwaukee Bucks,104,1
2017-12-06,Denver Nuggets,114,New Orleans Pelicans,123,1
2017-12-06,Memphis Grizzlies,88,New York Knicks,99,1
2017-12-06,Atlanta Hawks,106,Orlando Magic,110,1
2017-12-06,Miami Heat,105,San Antonio Spurs,117,1
2017-12-07,Oklahoma City Thunder,95,Brooklyn Nets,100,1
2017-12-07,Los Angeles Lakers,107,Philadelphia 76ers,104,0
2017-12-07,Washington Wizards,109,Phoenix Suns,99,0
2017-12-07,Houston Rockets,112,Utah Jazz,101,0
2017-12-08,Chicago Bulls,119,Charlotte Hornets,111,0
2017-12-08,Golden State Warriors,102,Detroit Pistons,98,0
2017-12-08,Cleveland Cavaliers,102,Indiana Pacers,106,1
2017-12-08,Toronto Raptors,116,Memphis Grizzlies,107,0
2017-12-08,Dallas Mavericks,102,Milwaukee Bucks,109,1
2017-12-08,Sacramento Kings,116,New Orleans Pelicans,109,0
2017-12-08,Denver Nuggets,103,Orlando Magic,89,0
2017-12-08,Boston Celtics,102,San Antonio Spurs,105,1
2017-12-09,Orlando Magic,110,Atlanta Hawks,117,1
2017-12-09,Miami Heat,101,Brooklyn Nets,89,0
2017-12-09,New York Knicks,102,Chicago Bulls,104,1
2017-12-09,Los Angeles Lakers,110,Charlotte Hornets,99,0
2017-12-09,Philadelphia 76ers,98,Cleveland Cavaliers,105,1
2017-12-09,Washington Wizards,112,Los Angeles Clippers,113,1
2017-12-09,Oklahoma City Thunder,102,Memphis Grizzlies,101,0
2017-12-09,Utah Jazz,100,Milwaukee Bucks,117,1
2017-12-09,San Antonio Spurs,104,Phoenix Suns,101,0
2017-12-09,Houston Rockets,124,Portland Trail Blazers,117,0
2017-12-10,Boston Celtics,91,Detroit Pistons,81,0
2017-12-10,Denver Nuggets,116,Indiana Pacers,126,1
2017-12-10,Dallas Mavericks,92,Minnesota Timberwolves,97,1
2017-12-10,Philadelphia 76ers,124,New Orleans Pelicans,131,1
2017-12-10,Atlanta Hawks,107,New York Knicks,111,1
2017-12-10,Toronto Raptors,102,Sacramento Kings,87,0
2017-12-11,Boston Celtics,85,Chicago Bulls,108,1
2017-12-11,Portland Trail Blazers,104,Golden State Warriors,111,1
2017-12-11,New Orleans Pelicans,123,Houston Rockets,130,1
2017-12-11,Toronto Raptors,91,Los Angeles Clippers,96,1
2017-12-11,Miami Heat,107,Memphis Grizzlies,82,0
2017-12-11,Charlotte Hornets,116,Oklahoma City Thunder,103,0
2017-12-12,Washington Wizards,98,Brooklyn Nets,103,1
2017-12-12,Atlanta Hawks,114,Cleveland Cavaliers,123,1
2017-12-12,San Antonio Spurs,89,Dallas Mavericks,95,1
2017-12-12,Denver Nuggets,103,Detroit Pistons,84,0
2017-12-12,Philadelphia 76ers,118,Minnesota Timberwolves,112,0
2017-12-12,Los Angeles Lakers,109,New York Knicks,113,1
2017-12-12,Phoenix Suns,92,Sacramento Kings,99,1
2017-12-13,Denver Nuggets,118,Boston Celtics,124,1
2017-12-13,Utah Jazz,100,Chicago Bulls,103,1
2017-12-13,Charlotte Hornets,96,Houston Rockets,108,1
2017-12-13,Oklahoma City Thunder,100,Indiana Pacers,95,0
2017-12-13,Portland Trail Blazers,102,Miami Heat,95,0
2017-12-13,Milwaukee Bucks,108,New Orleans Pelicans,115,1
2017-12-13,Los Angeles Clippers,106,Orlando Magic,95,0
2017-12-13,Toronto Raptors,115,Phoenix Suns,109,0
2017-12-13,Memphis Grizzlies,87,Washington Wizards,93,1
2017-12-14,Detroit Pistons,105,Atlanta Hawks,91,0
2017-12-14,New York Knicks,111,Brooklyn Nets,104,0
2017-12-14,Los Angeles Lakers,112,Cleveland Cavaliers,121,1
2017-12-14,Dallas Mavericks,97,Golden State Warriors,112,1
2017-12-14,Sacramento Kings,96,Minnesota Timberwolves,119,1
2017-12-15,Utah Jazz,107,Boston Celtics,95,0
2017-12-15,Miami Heat,104,Charlotte Hornets,98,0
2017-12-15,New Orleans Pelicans,111,Denver Nuggets,117,1
2017-12-15,San Antonio Spurs,109,Houston Rockets,124,1
2017-12-15,Detroit Pistons,104,Indiana Pacers,98,0
2017-12-15,Atlanta Hawks,94,Memphis Grizzlies,96,1
2017-12-15,Chicago Bulls,115,Milwaukee Bucks,109,0
2017-12-15,Portland Trail Blazers,95,Orlando Magic,88,0
2017-12-15,Oklahoma City Thunder,119,Philadelphia 76ers,117,0
2017-12-15,Brooklyn Nets,87,Toronto Raptors,120,1
2017-12-15,Los Angeles Clippers,91,Washington Wizards,100,1
2017-12-16,Portland Trail Blazers,93,Charlotte Hornets,91,0
2017-12-16,Utah Jazz,100,Cleveland Cavaliers,109,1
2017-12-16,Milwaukee Bucks,111,Houston Rockets,115,1
2017-12-16,Boston Celtics,102,Memphis Grizzlies,93,0
2017-12-16,Los Angeles Clippers,85,Miami Heat,90,1
2017-12-16,Phoenix Suns,108,Minnesota Timberwolves,106,0
2017-12-16,Oklahoma City Thunder,96,New York Knicks,111,1
2017-12-16,Dallas Mavericks,96,San Antonio Spurs,98,1
2017-12-17,Indiana Pacers,109,Brooklyn Nets,97,0
2017-12-17,Orlando Magic,110,Detroit Pistons,114,1
2017-12-17,Sacramento Kings,93,Toronto Raptors,108,1
2017-12-17,Cleveland Cavaliers,106,Washington Wizards,99,0
2017-12-18,Miami Heat,104,Atlanta Hawks,110,1
2017-12-18,Philadelphia 76ers,115,Chicago Bulls,117,1
2017-12-18,New York Knicks,91,Charlotte Hornets,109,1
2017-12-18,Phoenix Suns,97,Dallas Mavericks,91,0
2017-12-18,Utah Jazz,99,Houston Rockets,120,1
2017-12-18,Boston Celtics,112,Indiana Pacers,111,0
2017-12-18,Golden State Warriors,116,Los Angeles Lakers,114,0
2017-12-18,Portland Trail Blazers,107,Minnesota Timberwolves,108,1
2017-12-18,Denver Nuggets,94,Oklahoma City Thunder,95,1
2017-12-18,Los Angeles Clippers,91,San Antonio Spurs,109,1
2017-12-19,Cleveland Cavaliers,116,Milwaukee Bucks,119,1
2017-12-19,Sacramento Kings,101,Philadelphia 76ers,95,0
2017-12-19,New Orleans Pelicans,106,Washington Wizards,116,1
2017-12-20,Indiana Pacers,105,Atlanta Hawks,95,0
2017-12-20,Miami Heat,90,Boston Celtics,89,0
2017-12-20,Sacramento Kings,104,Brooklyn Nets,99,0
2017-12-20,Orlando Magic,94,Chicago Bulls,112,1
2017-12-20,Toronto Raptors,129,Charlotte Hornets,111,0
2017-12-20,Detroit Pistons,93,Dallas Mavericks,110,1
2017-12-20,Minnesota Timberwolves,112,Denver Nuggets,104,0
2017-12-20,Memphis Grizzlies,84,Golden State Warriors,97,1
2017-12-20,Los Angeles Lakers,122,Houston Rockets,116,0
2017-12-20,Phoenix Suns,95,Los Angeles Clippers,108,1
2017-12-20,Utah Jazz,79,Oklahoma City Thunder,107,1
2017-12-20,San Antonio Spurs,93,Portland Trail Blazers,91,0
2017-12-21,Chicago Bulls,112,Cleveland Cavaliers,115,1
2017-12-21,Boston Celtics,93,New York Knicks,102,1
2017-12-21,Toronto Raptors,114,Philadelphia 76ers,109,0
2017-12-21,Memphis Grizzlies,95,Phoenix Suns,97,1
2017-12-21,San Antonio Spurs,89,Utah Jazz,100,1
2017-12-22,Washington Wizards,84,Brooklyn Nets,119,1
2017-12-22,New York Knicks,101,Detroit Pistons,104,1
2017-12-22,Los Angeles Lakers,106,Golden State Warriors,113,1
2017-12-22,Los Angeles Clippers,128,Houston Rockets,118,0
2017-12-22,Dallas Mavericks,101,Miami Heat,113,1
2017-12-22,Charlotte Hornets,104,Milwaukee Bucks,109,1
2017-12-22,Atlanta Hawks,117,Oklahoma City Thunder,120,1
2017-12-22,New Orleans Pelicans,111,Orlando Magic,97,0
2017-12-22,Denver Nuggets,102,Portland Trail Blazers,85,0
2017-12-23,Dallas Mavericks,107,Atlanta Hawks,112,1
2017-12-23,Chicago Bulls,92,Boston Celtics,117,1
2017-12-23,Milwaukee Bucks,106,Charlotte Hornets,111,1
2017-12-23,Denver Nuggets,96,Golden State Warriors,81,0
2017-12-23,Brooklyn Nets,119,Indiana Pacers,123,1
2017-12-23,Portland Trail Blazers,95,Los Angeles Lakers,92,0
2017-12-23,Los Angeles Clippers,112,Memphis Grizzlies,115,1
2017-12-23,New Orleans Pelicans,109,Miami Heat,94,0
2017-12-23,Minnesota Timberwolves,115,Phoenix Suns,106,0
2017-12-23,San Antonio Spurs,108,Sacramento Kings,99,0
2017-12-23,Philadelphia 76ers,86,Toronto Raptors,102,1
2017-12-23,Oklahoma City Thunder,103,Utah Jazz,89,0
2017-12-23,Orlando Magic,103,Washington Wizards,130,1
2017-12-25,Washington Wizards,111,Boston Celtics,103,0
2017-12-25,Cleveland Cavaliers,92,Golden State Warriors,99,1
2017-12-25,Minnesota Timberwolves,121,Los Angeles Lakers,104,0
2017-12-25,Philadelphia 76ers,105,New York Knicks,98,0
2017-12-25,Houston Rockets,107,Oklahoma City Thunder,112,1
2017-12-26,Toronto Raptors,93,Dallas Mavericks,98,1
2017-12-26,Utah Jazz,83,Denver Nuggets,107,1
2017-12-26,Indiana Pacers,83,Detroit Pistons,107,1
2017-12-26,Sacramento Kings,95,Los Angeles Clippers,122,1
2017-12-26,Orlando Magic,89,Miami Heat,107,1
2017-12-26,Chicago Bulls,115,Milwaukee Bucks,106,0
2017-12-26,Memphis Grizzlies,97,Phoenix Suns,99,1
2017-12-26,Brooklyn Nets,97,San Antonio Spurs,109,1
2017-12-27,Washington Wizards,99,Atlanta Hawks,113,1
2017-12-27,New York Knicks,87,Chicago Bulls,92,1
2017-12-27,Boston Celtics,102,Charlotte Hornets,91,0
2017-12-27,Utah Jazz,101,Golden State Warriors,126,1
2017-12-27,Dallas Mavericks,98,Indiana Pacers,94,0
2017-12-27,Memphis Grizzlies,109,Los Angeles Lakers,99,0
2017-12-27,Denver Nuggets,125,Minnesota Timberwolves,128,1
2017-12-27,Brooklyn Nets,113,New Orleans Pelicans,128,1
2017-12-27,Toronto Raptors,107,Oklahoma City Thunder,124,1
2017-12-27,Cleveland Cavaliers,95,Sacramento Kings,109,1
2017-12-28,Houston Rockets,98,Boston Celtics,99,1
2017-12-28,Minnesota Timberwolves,96,Milwaukee Bucks,102,1
2017-12-28,Detroit Pistons,89,Orlando Magic,102,1
2017-12-28,Philadelphia 76ers,110,Portland Trail Blazers,114,1
2017-12-28,New York Knicks,107,San Antonio Spurs,119,1
2017-12-29,Indiana Pacers,107,Chicago Bulls,119,1
2017-12-29,Charlotte Hornets,111,Golden State Warriors,100,0
2017-12-29,Los Angeles Clippers,121,Los Angeles Lakers,106,0
2017-12-29,Brooklyn Nets,111,Miami Heat,87,0
2017-12-29,Dallas Mavericks,128,New Orleans Pelicans,120,0
2017-12-29,Milwaukee Bucks,97,Oklahoma City Thunder,95,0
2017-12-29,Phoenix Suns,111,Sacramento Kings,101,0
2017-12-29,Atlanta Hawks,98,Toronto Raptors,111,1
2017-12-29,Houston Rockets,103,Washington Wizards,121,1
2017-12-30,Portland Trail Blazers,89,Atlanta Hawks,104,1
2017-12-30,Philadelphia 76ers,107,Denver Nuggets,102,0
2017-12-30,San Antonio Spurs,79,Detroit Pistons,93,1
2017-12-30,Memphis Grizzlies,128,Golden State Warriors,141,1
2017-12-30,New York Knicks,105,New Orleans Pelicans,103,0
2017-12-30,Miami Heat,117,Orlando Magic,111,0
2017-12-30,Cleveland Cavaliers,101,Utah Jazz,104,1
2017-12-31,Brooklyn Nets,105,Boston Celtics,108,1
2017-12-31,Los Angeles Lakers,142,Houston Rockets,148,1
2017-12-31,Minnesota Timberwolves,107,Indiana Pacers,90,0
2017-12-31,Charlotte Hornets,98,Los Angeles Clippers,106,1
2017-12-31,Dallas Mavericks,116,Oklahoma City Thunder,113,0
2017-12-31,Philadelphia 76ers,123,Phoenix Suns,110,0
2017-12-31,Memphis Grizzlies,114,Sacramento Kings,96,0
2017-12-31,Chicago Bulls,110,Washington Wizards,114,1
2018-01-01,Orlando Magic,95,Brooklyn Nets,98,1
2018-01-01,Portland Trail Blazers,124,Chicago Bulls,120,0
2018-01-01,Los Angeles Lakers,96,Minnesota Timberwolves,114,1
2018-01-01,Milwaukee Bucks,127,Toronto Raptors,131,1
2018-01-02,Portland Trail Blazers,110,Cleveland Cavaliers,127,1
2018-01-02,Memphis Grizzlies,105,Los Angeles Clippers,113,1
2018-01-02,San Antonio Spurs,100,New York Knicks,91,0
2018-01-02,Atlanta Hawks,103,Phoenix Suns,104,1
2018-01-02,Charlotte Hornets,131,Sacramento Kings,111,0
2018-01-03,Cleveland Cavaliers,88,Boston Celtics,102,1
2018-01-03,Minnesota Timberwolves,97,Brooklyn Nets,98,1
2018-01-03,Toronto Raptors,124,Chicago Bulls,115,0
2018-01-03,Golden State Warriors,125,Dallas Mavericks,122,0
2018-01-03,Phoenix Suns,111,Denver Nuggets,134,1
2018-01-03,Oklahoma City Thunder,133,Los Angeles Lakers,96,0
2018-01-03,Detroit Pistons,104,Miami Heat,111,1
2018-01-03,Indiana Pacers,101,Milwaukee Bucks,122,1
2018-01-03,Houston Rockets,116,Orlando Magic,98,0
2018-01-03,San Antonio Spurs,106,Philadelphia 76ers,112,1
2018-01-03,New Orleans Pelicans,108,Utah Jazz,98,0
2018-01-03,New York Knicks,103,Washington Wizards,121,1
2018-01-04,Golden State Warriors,124,Houston Rockets,114,0
2018-01-04,Oklahoma City Thunder,127,Los Angeles Clippers,117,0
2018-01-05,Minnesota Timberwolves,84,Boston Celtics,91,1
2018-01-05,Chicago Bulls,127,Dallas Mavericks,124,0
2018-01-05,Utah Jazz,91,Denver Nuggets,99,1
2018-01-05,Charlotte Hornets,108,Los Angeles Lakers,94,0
2018-01-05,Washington Wizards,102,Memphis Grizzlies,100,0
2018-01-05,New York Knicks,103,Miami Heat,107,1
2018-01-05,Toronto Raptors,129,Milwaukee Bucks,110,0
2018-01-05,Detroit Pistons,78,Philadelphia 76ers,114,1
2018-01-05,Atlanta Hawks,89,Portland Trail Blazers,110,1
2018-01-05,Phoenix Suns,89,San Antonio Spurs,103,1
2018-01-06,Boston Celtics,87,Brooklyn Nets,85,0
2018-01-06,Houston Rockets,101,Detroit Pistons,108,1
2018-01-06,Chicago Bulls,86,Indiana Pacers,125,1
2018-01-06,Golden State Warriors,121,Los Angeles Clippers,105,0
2018-01-06,New Orleans Pelicans,98,Minnesota Timberwolves,116,1
2018-01-06,Cleveland Cavaliers,131,Orlando Magic,127,0
2018-01-06,Denver Nuggets,98,Sacramento Kings,106,1
2018-01-06,Milwaukee Bucks,110,Washington Wizards,103,0
2018-01-07,New York Knicks,100,Dallas Mavericks,96,0
2018-01-07,Atlanta Hawks,113,Los Angeles Lakers,132,1
2018-01-07,Utah Jazz,102,Miami Heat,103,1
2018-01-07,Oklahoma City Thunder,100,Phoenix Suns,114,1
2018-01-07,San Antonio Spurs,110,Portland Trail Blazers,111,1
2018-01-08,Toronto Raptors,114,Brooklyn Nets,113,0
2018-01-08,Houston Rockets,116,Chicago Bulls,107,0
2018-01-08,Denver Nuggets,114,Golden State Warriors,124,1
2018-01-08,Milwaukee Bucks,96,Indiana Pacers,109,1
2018-01-08,Atlanta Hawks,107,Los Angeles Clippers,108,1
2018-01-08,Cleveland Cavaliers,99,Minnesota Timberwolves,127,1
2018-01-08,Detroit Pistons,109,New Orleans Pelicans,112,1
2018-01-08,San Antonio Spurs,107,Sacramento Kings,100,0
2018-01-09,Orlando Magic,99,Dallas Mavericks,114,1
2018-01-09,Sacramento Kings,86,Los Angeles Lakers,99,1
2018-01-09,Portland Trail Blazers,117,Oklahoma City Thunder,106,0
2018-01-09,Miami Heat,90,Toronto Raptors,89,0
2018-01-10,Detroit Pistons,114,Brooklyn Nets,80,0
2018-01-10,Dallas Mavericks,115,Charlotte Hornets,111,0
2018-01-10,Atlanta Hawks,110,Denver Nuggets,97,0
2018-01-10,Los Angeles Clippers,125,Golden State Warriors,106,0
2018-01-10,Portland Trail Blazers,112,Houston Rockets,121,1
2018-01-10,Miami Heat,114,Indiana Pacers,106,0
2018-01-10,New Orleans Pelicans,102,Memphis Grizzlies,105,1
2018-01-10,Orlando Magic,103,Milwaukee Bucks,110,1
2018-01-10,Oklahoma City Thunder,88,Minnesota Timberwolves,104,1
2018-01-10,Chicago Bulls,122,New York Knicks,119,0
2018-01-10,Utah Jazz,107,Washington Wizards,104,0
2018-01-11,San Antonio Spurs,81,Los Angeles Lakers,93,1
2018-01-11,Boston Celtics,114,Philadelphia 76ers,103,0
2018-01-11,Los Angeles Clippers,121,Sacramento Kings,115,0
2018-01-11,Cleveland Cavaliers,99,Toronto Raptors,133,1
2018-01-12,Brooklyn Nets,110,Atlanta Hawks,105,0
2018-01-12,Utah Jazz,88,Charlotte Hornets,99,1
2018-01-12,Memphis Grizzlies,78,Denver Nuggets,87,1
2018-01-12,Cleveland Cavaliers,95,Indiana Pacers,97,1
2018-01-12,Golden State Warriors,108,Milwaukee Bucks,94,0
2018-01-12,New York Knicks,108,Minnesota Timberwolves,118,1
2018-01-12,Portland Trail Blazers,113,New Orleans Pelicans,119,1
2018-01-12,Houston Rockets,112,Phoenix Suns,95,0
2018-01-12,Orlando Magic,119,Washington Wizards,125,1
2018-01-13,Detroit Pistons,105,Chicago Bulls,107,1
2018-01-13,Oklahoma City Thunder,101,Charlotte Hornets,91,0
2018-01-13,Los Angeles Lakers,107,Dallas Mavericks,101,0
2018-01-13,Sacramento Kings,105,Los Angeles Clippers,126,1
2018-01-13,Denver Nuggets,80,San Antonio Spurs,112,1
2018-01-13,Golden State Warriors,127,Toronto Raptors,125,0
2018-01-13,Brooklyn Nets,113,Washington Wizards,119,1
2018-01-14,Milwaukee Bucks,79,Miami Heat,97,1
2018-01-14,Portland Trail Blazers,103,Minnesota Timberwolves,120,1
2018-01-14,New Orleans Pelicans,123,New York Knicks,118,0
2018-01-14,Indiana Pacers,120,Phoenix Suns,97,0
2018-01-15,San Antonio Spurs,99,Atlanta Hawks,102,1
2018-01-15,New York Knicks,119,Brooklyn Nets,104,0
2018-01-15,Miami Heat,111,Chicago Bulls,119,1
2018-01-15,Golden State Warriors,118,Cleveland Cavaliers,108,0
2018-01-15,Charlotte Hornets,118,Detroit Pistons,107,0
2018-01-15,Houston Rockets,102,Los Angeles Clippers,113,1
2018-01-15,Los Angeles Lakers,114,Memphis Grizzlies,123,1
2018-01-15,Sacramento Kings,88,Oklahoma City Thunder,95,1
2018-01-15,Toronto Raptors,111,Philadelphia 76ers,117,1
2018-01-15,Indiana Pacers,109,Utah Jazz,94,0
2018-01-15,Milwaukee Bucks,104,Washington Wizards,95,0
2018-01-16,New Orleans Pelicans,116,Boston Celtics,113,0
2018-01-16,Dallas Mavericks,102,Denver Nuggets,105,1
2018-01-16,Minnesota Timberwolves,102,Orlando Magic,108,1
2018-01-16,Phoenix Suns,111,Portland Trail Blazers,118,1
2018-01-17,New Orleans Pelicans,93,Atlanta Hawks,94,1
2018-01-17,San Antonio Spurs,100,Brooklyn Nets,95,0
2018-01-17,Golden State Warriors,119,Chicago Bulls,112,0
2018-01-17,Washington Wizards,109,Charlotte Hornets,133,1
2018-01-17,Denver Nuggets,104,Los Angeles Clippers,109,1
2018-01-17,New York Knicks,99,Memphis Grizzlies,105,1
2018-01-17,Miami Heat,106,Milwaukee Bucks,101,0
2018-01-17,Los Angeles Lakers,90,Oklahoma City Thunder,114,1
2018-01-17,Utah Jazz,120,Sacramento Kings,105,0
2018-01-17,Detroit Pistons,91,Toronto Raptors,96,1
2018-01-18,Philadelphia 76ers,89,Boston Celtics,80,0
2018-01-18,Orlando Magic,103,Cleveland Cavaliers,104,1
2018-01-18,Minnesota Timberwolves,98,Houston Rockets,116,1
2018-01-18,Indiana Pacers,86,Portland Trail Blazers,100,1
2018-01-19,Miami Heat,95,Brooklyn Nets,101,1
2018-01-19,Phoenix Suns,108,Denver Nuggets,100,0
2018-01-19,Washington Wizards,122,Detroit Pistons,112,0
2018-01-19,Indiana Pacers,86,Los Angeles Lakers,99,1
2018-01-19,Sacramento Kings,88,Memphis Grizzlies,106,1
2018-01-19,San Antonio Spurs,83,Toronto Raptors,86,1
2018-01-19,New York Knicks,117,Utah Jazz,115,0
2018-01-20,Chicago Bulls,113,Atlanta Hawks,97,0
2018-01-20,Miami Heat,106,Charlotte Hornets,105,0
2018-01-20,Oklahoma City Thunder,148,Cleveland Cavaliers,124,0
2018-01-20,Golden State Warriors,108,Houston Rockets,116,1
2018-01-20,Toronto Raptors,109,Minnesota Timberwolves,115,1
2018-01-20,Memphis Grizzlies,104,New Orleans Pelicans,111,1
2018-01-20,Milwaukee Bucks,94,Philadelphia 76ers,116,1
2018-01-20,Dallas Mavericks,108,Portland Trail Blazers,117,1
2018-01-20,Los Angeles Clippers,113,Utah Jazz,125,1
2018-01-21,Orlando Magic,103,Boston Celtics,95,0
2018-01-21,Brooklyn Nets,101,Detroit Pistons,100,0
2018-01-21,New York Knicks,107,Los Angeles Lakers,127,1
2018-01-21,Indiana Pacers,94,San Antonio Spurs,86,0
2018-01-22,Utah Jazz,90,Atlanta Hawks,104,1
2018-01-22,Sacramento Kings,107,Charlotte Hornets,112,1
2018-01-22,Washington Wizards,75,Dallas Mavericks,98,1
2018-01-22,Portland Trail Blazers,101,Denver Nuggets,104,1
2018-01-22,Miami Heat,90,Houston Rockets,99,1
2018-01-22,Minnesota Timberwolves,126,Los Angeles Clippers,118,0
2018-01-22,Philadelphia 76ers,101,Memphis Grizzlies,105,1
2018-01-22,Phoenix Suns,105,Milwaukee Bucks,109,1
2018-01-22,Chicago Bulls,128,New Orleans Pelicans,132,1
2018-01-23,New York Knicks,112,Golden State Warriors,123,1
2018-01-23,Boston Celtics,107,Los Angeles Lakers,108,1
2018-01-23,Brooklyn Nets,108,Oklahoma City Thunder,109,1
2018-01-23,Sacramento Kings,105,Orlando Magic,99,0
2018-01-23,Cleveland Cavaliers,102,San Antonio Spurs,114,1
2018-01-24,Toronto Raptors,108,Atlanta Hawks,93,0
2018-01-24,New Orleans Pelicans,101,Charlotte Hornets,96,0
2018-01-24,Houston Rockets,104,Dallas Mavericks,97,0
2018-01-24,Utah Jazz,98,Detroit Pistons,95,0
2018-01-24,Phoenix Suns,101,Indiana Pacers,116,1
2018-01-24,Boston Celtics,113,Los Angeles Clippers,102,0
2018-01-24,San Antonio Spurs,108,Memphis Grizzlies,85,0
2018-01-24,Chicago Bulls,101,Philadelphia 76ers,115,1
2018-01-24,Minnesota Timberwolves,114,Portland Trail Blazers,123,1
2018-01-25,New York Knicks,118,Denver Nuggets,130,1
2018-01-25,Minnesota Timberwolves,113,Golden State Warriors,126,1
2018-01-25,Sacramento Kings,89,Miami Heat,88,0
2018-01-25,Washington Wizards,112,Oklahoma City Thunder,121,1
2018-01-26,Los Angeles Lakers,108,Chicago Bulls,103,0
2018-01-26,Atlanta Hawks,110,Charlotte Hornets,121,1
2018-01-26,Indiana Pacers,108,Cleveland Cavaliers,115,1
2018-01-26,Portland Trail Blazers,107,Dallas Mavericks,93,0
2018-01-26,Los Angeles Clippers,109,Memphis Grizzlies,100,0
2018-01-26,Brooklyn Nets,91,Milwaukee Bucks,116,1
2018-01-26,Houston Rockets,113,New Orleans Pelicans,115,1
2018-01-26,New York Knicks,107,Phoenix Suns,85,0
2018-01-26,Philadelphia 76ers,97,San Antonio Spurs,78,0
2018-01-26,Utah Jazz,97,Toronto Raptors,93,0
2018-01-27,Washington Wizards,129,Atlanta Hawks,104,0
2018-01-27,Dallas Mavericks,89,Denver Nuggets,91,1
2018-01-27,Oklahoma City Thunder,121,Detroit Pistons,108,0
2018-01-27,Boston Celtics,105,Golden State Warriors,109,1
2018-01-27,Orlando Magic,112,Indiana Pacers,114,1
2018-01-27,Charlotte Hornets,91,Miami Heat,95,1
2018-01-27,Brooklyn Nets,97,Minnesota Timberwolves,111,1
2018-01-28,Milwaukee Bucks,110,Chicago Bulls,96,0
2018-01-28,Detroit Pistons,104,Cleveland Cavaliers,121,1
2018-01-28,Phoenix Suns,102,Houston Rockets,113,1
2018-01-28,Los Angeles Clippers,112,New Orleans Pelicans,103,0
2018-01-28,Philadelphia 76ers,112,Oklahoma City Thunder,122,1
2018-01-28,Sacramento Kings,98,San Antonio Spurs,113,1
2018-01-28,Los Angeles Lakers,111,Toronto Raptors,123,1
2018-01-29,Minnesota Timberwolves,100,Atlanta Hawks,105,1
2018-01-29,Miami Heat,95,Dallas Mavericks,88,0
2018-01-29,Boston Celtics,111,Denver Nuggets,110,0
2018-01-29,Charlotte Hornets,96,Indiana Pacers,105,1
2018-01-29,Phoenix Suns,109,Memphis Grizzlies,120,1
2018-01-29,Philadelphia 76ers,95,Milwaukee Bucks,107,1
2018-01-30,Cleveland Cavaliers,114,Detroit Pistons,125,1
2018-01-30,Orlando Magic,107,Houston Rockets,114,1
2018-01-30,Portland Trail Blazers,104,Los Angeles Clippers,96,0
2018-01-30,Sacramento Kings,114,New Orleans Pelicans,103,0
2018-01-30,Brooklyn Nets,95,New York Knicks,111,1
2018-01-30,Denver Nuggets,104,San Antonio Spurs,106,1
2018-01-30,Minnesota Timberwolves,104,Toronto Raptors,109,1
2018-01-30,Golden State Warriors,99,Utah Jazz,129,1
2018-01-30,Oklahoma City Thunder,96,Washington Wizards,102,1
2018-01-31,Charlotte Hornets,123,Atlanta Hawks,110,0
2018-01-31,New York Knicks,73,Boston Celtics,103,1
2018-01-31,Philadelphia 76ers,108,Brooklyn Nets,116,1
2018-01-31,Miami Heat,89,Cleveland Cavaliers,91,1
2018-01-31,Memphis Grizzlies,101,Indiana Pacers,105,1
2018-01-31,Los Angeles Lakers,105,Orlando Magic,127,1
2018-01-31,Dallas Mavericks,88,Phoenix Suns,102,1
2018-01-31,Chicago Bulls,108,Portland Trail Blazers,124,1
2018-02-01,Oklahoma City Thunder,124,Denver Nuggets,127,1
2018-02-01,Memphis Grizzlies,102,Detroit Pistons,104,1
2018-02-01,Milwaukee Bucks,89,Minnesota Timberwolves,108,1
2018-02-01,Houston Rockets,102,San Antonio Spurs,91,0
2018-02-01,Toronto Raptors,119,Washington Wizards,122,1
2018-02-02,Atlanta Hawks,110,Boston Celtics,119,1
2018-02-02,Los Angeles Lakers,102,Brooklyn Nets,99,0
2018-02-02,Indiana Pacers,126,Charlotte Hornets,133,1
2018-02-02,New York Knicks,90,Milwaukee Bucks,92,1
2018-02-02,New Orleans Pelicans,114,Oklahoma City Thunder,100,0
2018-02-02,Miami Heat,97,Philadelphia 76ers,103,1
2018-02-02,Utah Jazz,129,Phoenix Suns,97,0
2018-02-02,Golden State Warriors,119,Sacramento Kings,104,0
2018-02-02,Portland Trail Blazers,105,Toronto Raptors,130,1
2018-02-03,Houston Rockets,120,Cleveland Cavaliers,88,0
2018-02-03,Golden State Warriors,108,Denver Nuggets,115,1
2018-02-03,Miami Heat,107,Detroit Pistons,111,1
2018-02-03,Philadelphia 76ers,92,Indiana Pacers,100,1
2018-02-03,Chicago Bulls,103,Los Angeles Clippers,113,1
2018-02-03,New Orleans Pelicans,107,Minnesota Timberwolves,118,1
2018-02-03,Washington Wizards,115,Orlando Magic,98,0
2018-02-03,Dallas Mavericks,106,Sacramento Kings,99,0
2018-02-03,Utah Jazz,120,San Antonio Spurs,111,0
2018-02-04,Portland Trail Blazers,96,Boston Celtics,97,1
2018-02-04,Milwaukee Bucks,109,Brooklyn Nets,94,0
2018-02-04,Atlanta Hawks,99,New York Knicks,96,0
2018-02-04,Los Angeles Lakers,108,Oklahoma City Thunder,104,0
2018-02-04,Charlotte Hornets,115,Phoenix Suns,110,0
2018-02-04,Memphis Grizzlies,86,Toronto Raptors,101,1
2018-02-05,Charlotte Hornets,104,Denver Nuggets,121,1
2018-02-05,Portland Trail Blazers,91,Detroit Pistons,111,1
2018-02-05,Washington Wizards,111,Indiana Pacers,102,0
2018-02-05,Dallas Mavericks,101,Los Angeles Clippers,104,1
2018-02-05,Orlando Magic,111,Miami Heat,109,0
2018-02-05,Utah Jazz,133,New Orleans Pelicans,109,0
2018-02-05,Chicago Bulls,98,Sacramento Kings,104,1
2018-02-06,Memphis Grizzlies,82,Atlanta Hawks,108,1
2018-02-06,Houston Rockets,123,Brooklyn Nets,113,0
2018-02-06,Oklahoma City Thunder,125,Golden State Warriors,105,0
2018-02-06,Phoenix Suns,93,Los Angeles Lakers,112,1
2018-02-06,Milwaukee Bucks,103,New York Knicks,89,0
2018-02-06,Cleveland Cavaliers,98,Orlando Magic,116,1
2018-02-06,Washington Wizards,102,Philadelphia 76ers,115,1
2018-02-06,Boston Celtics,91,Toronto Raptors,111,1
2018-02-07,Minnesota Timberwolves,138,Cleveland Cavaliers,140,1
2018-02-07,Brooklyn Nets,106,Detroit Pistons,115,1
2018-02-07,Utah Jazz,92,Memphis Grizzlies,88,0
2018-02-07,Houston Rockets,109,Miami Heat,101,0
2018-02-07,San Antonio Spurs,129,Phoenix Suns,81,0
2018-02-08,Dallas Mavericks,103,Golden State Warriors,121,1
2018-02-08,Oklahoma City Thunder,81,Los Angeles Lakers,106,1
2018-02-08,Atlanta Hawks,98,Orlando Magic,100,1
2018-02-08,Charlotte Hornets,103,Portland Trail Blazers,109,1
2018-02-08,New York Knicks,88,Toronto Raptors,113,1
2018-02-08,Boston Celtics,110,Washington Wizards,104,0
2018-02-09,Cleveland Cavaliers,123,Atlanta Hawks,107,0
2018-02-09,Indiana Pacers,97,Boston Celtics,91,0
2018-02-09,Minnesota Timberwolves,113,Chicago Bulls,114,1
2018-02-09,Los Angeles Clippers,108,Detroit Pistons,95,0
2018-02-09,Denver Nuggets,104,Houston Rockets,130,1
2018-02-09,Milwaukee Bucks,85,Miami Heat,91,1
2018-02-09,New Orleans Pelicans,82,Philadelphia 76ers,100,1
2018-02-09,Portland Trail Blazers,118,Sacramento Kings,100,0
2018-02-09,Charlotte Hornets,94,Utah Jazz,106,1
2018-02-10,New Orleans Pelicans,138,Brooklyn Nets,128,0
2018-02-10,Washington Wizards,101,Chicago Bulls,90,0
2018-02-10,Los Angeles Lakers,123,Dallas Mavericks,130,1
2018-02-10,San Antonio Spurs,105,Golden State Warriors,122,1
2018-02-10,Milwaukee Bucks,111,Orlando Magic,104,0
2018-02-10,Los Angeles Clippers,98,Philadelphia 76ers,112,1
2018-02-10,Denver Nuggets,123,Phoenix Suns,113,0
2018-02-11,Detroit Pistons,115,Atlanta Hawks,118,1
2018-02-11,Cleveland Cavaliers,121,Boston Celtics,99,0
2018-02-11,Toronto Raptors,123,Charlotte Hornets,103,0
2018-02-11,Dallas Mavericks,97,Houston Rockets,104,1
2018-02-11,New York Knicks,113,Indiana Pacers,121,1
2018-02-11,Sacramento Kings,106,Minnesota Timberwolves,111,1
2018-02-11,Memphis Grizzlies,92,Oklahoma City Thunder,110,1
2018-02-11,Utah Jazz,115,Portland Trail Blazers,96,0
2018-02-12,Los Angeles Clippers,114,Brooklyn Nets,101,0
2018-02-12,Orlando Magic,101,Chicago Bulls,105,1
2018-02-12,New Orleans Pelicans,118,Detroit Pistons,103,0
2018-02-12,Phoenix Suns,83,Golden State Warriors,129,1
2018-02-12,New York Knicks,92,Philadelphia 76ers,108,1
2018-02-12,San Antonio Spurs,99,Utah Jazz,101,1
2018-02-13,Sacramento Kings,114,Dallas Mavericks,109,0
2018-02-13,San Antonio Spurs,109,Denver Nuggets,117,1
2018-02-13,Atlanta Hawks,92,Milwaukee Bucks,97,1
2018-02-13,Houston Rockets,126,Minnesota Timberwolves,108,0
2018-02-13,Cleveland Cavaliers,120,Oklahoma City Thunder,112,0
2018-02-13,Miami Heat,112,Toronto Raptors,115,1
2018-02-14,Los Angeles Clippers,129,Boston Celtics,119,0
2018-02-14,Indiana Pacers,108,Brooklyn Nets,103,0
2018-02-14,Toronto Raptors,122,Chicago Bulls,98,0
2018-02-14,Atlanta Hawks,98,Detroit Pistons,104,1
2018-02-14,Sacramento Kings,91,Houston Rockets,100,1
2018-02-14,Oklahoma City Thunder,121,Memphis Grizzlies,114,0
2018-02-14,Los Angeles Lakers,117,New Orleans Pelicans,139,1
2018-02-14,Washington Wizards,118,New York Knicks,113,0
2018-02-14,Charlotte Hornets,104,Orlando Magic,102,0
2018-02-14,Miami Heat,102,Philadelphia 76ers,104,1
2018-02-14,Golden State Warriors,117,Portland Trail Blazers,123,1
2018-02-14,Phoenix Suns,97,Utah Jazz,107,1
2018-02-15,Denver Nuggets,134,Milwaukee Bucks,123,0
2018-02-15,Los Angeles Lakers,111,Minnesota Timberwolves,119,1
2018-02-22,Philadelphia 76ers,116,Chicago Bulls,115,0
2018-02-22,Brooklyn Nets,96,Charlotte Hornets,111,1
2018-02-22,Washington Wizards,110,Cleveland Cavaliers,103,0
2018-02-22,Los Angeles Clippers,127,Golden State Warriors,134,1
2018-02-22,New York Knicks,120,Orlando Magic,113,0
2018-02-22,Oklahoma City Thunder,110,Sacramento Kings,107,0
2018-02-23,San Antonio Spurs,119,Denver Nuggets,122,1
2018-02-23,Boston Celtics,110,Detroit Pistons,98,0
2018-02-23,Minnesota Timberwolves,102,Houston Rockets,120,1
2018-02-23,Atlanta Hawks,93,Indiana Pacers,116,1
2018-02-23,Dallas Mavericks,102,Los Angeles Lakers,124,1
2018-02-23,Cleveland Cavaliers,112,Memphis Grizzlies,89,0
2018-02-23,Miami Heat,123,New Orleans Pelicans,124,1
2018-02-23,Los Angeles Clippers,128,Phoenix Suns,117,0
2018-02-23,Milwaukee Bucks,122,Toronto Raptors,119,0
2018-02-23,Portland Trail Blazers,100,Utah Jazz,81,0
2018-02-23,Charlotte Hornets,122,Washington Wizards,105,0
2018-02-24,Oklahoma City Thunder,80,Golden State Warriors,112,1
2018-02-24,Memphis Grizzlies,89,Miami Heat,115,1
2018-02-24,Chicago Bulls,104,Minnesota Timberwolves,122,1
2018-02-24,Boston Celtics,121,New York Knicks,112,0
2018-02-24,Orlando Magic,105,Philadelphia 76ers,116,1
2018-02-24,Portland Trail Blazers,106,Phoenix Suns,104,0
2018-02-24,Los Angeles Lakers,113,Sacramento Kings,108,0
2018-02-24,Dallas Mavericks,90,Utah Jazz,97,1
2018-02-25,Detroit Pistons,98,Charlotte Hornets,114,1
2018-02-25,San Antonio Spurs,110,Cleveland Cavaliers,94,0
2018-02-25,Houston Rockets,119,Denver Nuggets,114,0
2018-02-25,New Orleans Pelicans,123,Milwaukee Bucks,121,0
2018-02-25,Philadelphia 76ers,94,Washington Wizards,109,1
2018-02-26,Los Angeles Lakers,123,Atlanta Hawks,104,0
2018-02-26,Memphis Grizzlies,98,Boston Celtics,109,1
2018-02-26,Chicago Bulls,87,Brooklyn Nets,104,1
2018-02-26,Indiana Pacers,103,Dallas Mavericks,109,1
2018-02-26,Phoenix Suns,116,New Orleans Pelicans,125,1
2018-02-26,Golden State Warriors,125,New York Knicks,111,0
2018-02-26,Orlando Magic,105,Oklahoma City Thunder,112,1
2018-02-26,Minnesota Timberwolves,118,Sacramento Kings,100,0
2018-02-26,Detroit Pistons,94,Toronto Raptors,123,1
2018-02-26,Houston Rockets,96,Utah Jazz,85,0
2018-02-27,Chicago Bulls,103,Charlotte Hornets,118,1
2018-02-27,Brooklyn Nets,123,Cleveland Cavaliers,129,1
2018-02-27,Los Angeles Clippers,122,Denver Nuggets,120,0
2018-02-27,Philadelphia 76ers,101,Miami Heat,102,1
2018-02-27,Washington Wizards,107,Milwaukee Bucks,104,0
2018-02-27,Sacramento Kings,99,Portland Trail Blazers,116,1
2018-02-28,Indiana Pacers,102,Atlanta Hawks,107,1
2018-02-28,Charlotte Hornets,106,Boston Celtics,134,1
2018-02-28,Oklahoma City Thunder,111,Dallas Mavericks,110,0
2018-02-28,Milwaukee Bucks,87,Detroit Pistons,110,1
2018-02-28,Houston Rockets,105,Los Angeles Clippers,92,0
2018-02-28,Phoenix Suns,110,Memphis Grizzlies,102,0
2018-02-28,Toronto Raptors,117,Orlando Magic,104,0
2018-02-28,New Orleans Pelicans,121,San Antonio Spurs,116,0
2018-02-28,Golden State Warriors,109,Washington Wizards,101,0
2018-03-01,Philadelphia 76ers,108,Cleveland Cavaliers,97,0
2018-03-01,Los Angeles Lakers,131,Miami Heat,113,0
2018-03-01,Minnesota Timberwolves,99,Portland Trail Blazers,108,1
2018-03-01,Brooklyn Nets,111,Sacramento Kings,116,1
2018-03-02,Golden State Warriors,114,Atlanta Hawks,109,0
2018-03-02,Dallas Mavericks,100,Chicago Bulls,108,1
2018-03-02,New York Knicks,105,Los Angeles Clippers,128,1
2018-03-02,Denver Nuggets,108,Memphis Grizzlies,102,0
2018-03-02,Indiana Pacers,103,Milwaukee Bucks,96,0
2018-03-02,Detroit Pistons,106,Orlando Magic,115,1
2018-03-02,Charlotte Hornets,99,Philadelphia 76ers,110,1
2018-03-02,Oklahoma City Thunder,124,Phoenix Suns,116,0
2018-03-02,Minnesota Timberwolves,108,Utah Jazz,116,1
2018-03-02,Toronto Raptors,102,Washington Wizards,95,0
2018-03-03,Denver Nuggets,126,Cleveland Cavaliers,117,0
2018-03-03,Boston Celtics,120,Houston Rockets,123,1
2018-03-03,Detroit Pistons,96,Miami Heat,105,1
2018-03-03,Memphis Grizzlies,100,Orlando Magic,107,1
2018-03-03,Oklahoma City Thunder,100,Portland Trail Blazers,108,1
2018-03-03,Utah Jazz,98,Sacramento Kings,91,0
2018-03-03,Los Angeles Lakers,116,San Antonio Spurs,112,0
2018-03-04,Phoenix Suns,112,Atlanta Hawks,113,1
2018-03-04,New Orleans Pelicans,126,Dallas Mavericks,109,0
2018-03-04,Brooklyn Nets,120,Los Angeles Clippers,123,1
2018-03-04,Philadelphia 76ers,110,Milwaukee Bucks,118,1
2018-03-04,New York Knicks,99,Sacramento Kings,102,1
2018-03-04,Charlotte Hornets,98,Toronto Raptors,103,1
2018-03-04,Indiana Pacers,98,Washington Wizards,95,0
2018-03-05,Boston Celtics,105,Chicago Bulls,89,0
2018-03-05,Detroit Pistons,90,Cleveland Cavaliers,112,1
2018-03-05,Milwaukee Bucks,89,Indiana Pacers,92,1
2018-03-05,Portland Trail Blazers,108,Los Angeles Lakers,103,0
2018-03-05,Phoenix Suns,103,Miami Heat,125,1
2018-03-05,Memphis Grizzlies,98,San Antonio Spurs,100,1
2018-03-05,Orlando Magic,80,Utah Jazz,94,1
2018-03-06,Philadelphia 76ers,128,Charlotte Hornets,114,0
2018-03-06,Denver Nuggets,107,Dallas Mavericks,118,1
2018-03-06,Brooklyn Nets,101,Golden State Warriors,114,1
2018-03-06,New Orleans Pelicans,121,Los Angeles Clippers,116,0
2018-03-06,Houston Rockets,122,Oklahoma City Thunder,112,0
2018-03-06,New York Knicks,87,Portland Trail Blazers,111,1
2018-03-06,Atlanta Hawks,90,Toronto Raptors,106,1
2018-03-06,Miami Heat,113,Washington Wizards,117,1
2018-03-07,Memphis Grizzlies,110,Chicago Bulls,119,1
2018-03-07,Cleveland Cavaliers,113,Denver Nuggets,108,0
2018-03-07,Toronto Raptors,121,Detroit Pistons,119,0
2018-03-07,Utah Jazz,104,Indiana Pacers,84,0
2018-03-07,Orlando Magic,107,Los Angeles Lakers,108,1
2018-03-07,Houston Rockets,110,Milwaukee Bucks,99,0
2018-03-07,New Orleans Pelicans,114,Sacramento Kings,101,0
2018-03-08,Brooklyn Nets,125,Charlotte Hornets,111,0
2018-03-08,San Antonio Spurs,107,Golden State Warriors,110,1
2018-03-08,Philadelphia 76ers,99,Miami Heat,108,1
2018-03-08,Boston Celtics,117,Minnesota Timberwolves,109,0
2018-03-08,Phoenix Suns,87,Oklahoma City Thunder,115,1
2018-03-09,Los Angeles Lakers,116,Denver Nuggets,125,1
2018-03-09,Chicago Bulls,83,Detroit Pistons,99,1
2018-03-09,Atlanta Hawks,87,Indiana Pacers,112,1
2018-03-09,Cleveland Cavaliers,102,Los Angeles Clippers,116,1
2018-03-09,Utah Jazz,95,Memphis Grizzlies,78,0
2018-03-09,New York Knicks,112,Milwaukee Bucks,120,1
2018-03-09,Washington Wizards,116,New Orleans Pelicans,97,0
2018-03-09,Golden State Warriors,108,Portland Trail Blazers,125,1
2018-03-09,Orlando Magic,88,Sacramento Kings,94,1
2018-03-09,Houston Rockets,105,Toronto Raptors,108,1
2018-03-10,Phoenix Suns,115,Charlotte Hornets,122,1
2018-03-10,Memphis Grizzlies,80,Dallas Mavericks,114,1
2018-03-10,Orlando Magic,105,Los Angeles Clippers,113,1
2018-03-10,Washington Wizards,102,Miami Heat,129,1
2018-03-10,San Antonio Spurs,94,Oklahoma City Thunder,104,1
2018-03-11,Chicago Bulls,129,Atlanta Hawks,122,0
2018-03-11,Indiana Pacers,99,Boston Celtics,97,0
2018-03-11,Philadelphia 76ers,120,Brooklyn Nets,97,0
2018-03-11,Houston Rockets,105,Dallas Mavericks,82,0
2018-03-11,Sacramento Kings,104,Denver Nuggets,130,1
2018-03-11,Cleveland Cavaliers,113,Los Angeles Lakers,127,1
2018-03-11,Golden State Warriors,103,Minnesota Timberwolves,109,1
2018-03-11,Utah Jazz,116,New Orleans Pelicans,99,0
2018-03-11,Toronto Raptors,132,New York Knicks,106,0
2018-03-12,San Antonio Spurs,93,Houston Rockets,109,1
2018-03-12,Milwaukee Bucks,121,Memphis Grizzlies,103,0
2018-03-12,Sacramento Kings,101,Oklahoma City Thunder,106,1
2018-03-12,Miami Heat,99,Portland Trail Blazers,115,1
2018-03-13,Oklahoma City Thunder,119,Atlanta Hawks,107,0
2018-03-13,Toronto Raptors,116,Brooklyn Nets,102,0
2018-03-13,Los Angeles Clippers,112,Chicago Bulls,106,0
2018-03-13,Denver Nuggets,103,Los Angeles Lakers,112,1
2018-03-13,Charlotte Hornets,115,New Orleans Pelicans,119,1
2018-03-13,Dallas Mavericks,110,New York Knicks,97,0
2018-03-13,Indiana Pacers,101,Philadelphia 76ers,98,0
2018-03-13,Cleveland Cavaliers,129,Phoenix Suns,107,0
2018-03-13,Orlando Magic,72,San Antonio Spurs,108,1
2018-03-13,Detroit Pistons,79,Utah Jazz,110,1
2018-03-13,Minnesota Timberwolves,116,Washington Wizards,111,0
2018-03-14,Washington Wizards,125,Boston Celtics,124,0
2018-03-14,Los Angeles Lakers,106,Golden State Warriors,117,1
2018-03-14,Milwaukee Bucks,117,Orlando Magic,126,1
2018-03-14,Miami Heat,119,Sacramento Kings,123,1
2018-03-15,Charlotte Hornets,129,Atlanta Hawks,117,0
2018-03-15,Detroit Pistons,113,Denver Nuggets,120,1
2018-03-15,Los Angeles Clippers,96,Houston Rockets,101,1
2018-03-15,Toronto Raptors,106,Indiana Pacers,99,0
2018-03-15,Chicago Bulls,111,Memphis Grizzlies,110,0
2018-03-15,Philadelphia 76ers,118,New York Knicks,110,0
2018-03-15,Cleveland Cavaliers,105,Portland Trail Blazers,113,1
2018-03-15,New Orleans Pelicans,93,San Antonio Spurs,98,1
2018-03-15,Phoenix Suns,88,Utah Jazz,116,1
2018-03-16,Sacramento Kings,98,Golden State Warriors,93,0
2018-03-16,Miami Heat,92,Los Angeles Lakers,91,0
2018-03-16,Los Angeles Clippers,113,Oklahoma City Thunder,121,1
2018-03-16,Boston Celtics,92,Orlando Magic,83,0
2018-03-16,Brooklyn Nets,116,Philadelphia 76ers,120,1
2018-03-16,Dallas Mavericks,115,Toronto Raptors,122,1
2018-03-17,Dallas Mavericks,106,Brooklyn Nets,114,1
2018-03-17,Cleveland Cavaliers,114,Chicago Bulls,109,0
2018-03-17,Denver Nuggets,94,Memphis Grizzlies,101,1
2018-03-17,Atlanta Hawks,117,Milwaukee Bucks,122,1
2018-03-17,Houston Rockets,107,New Orleans Pelicans,101,0
2018-03-17,Charlotte Hornets,101,New York Knicks,124,1
2018-03-17,Golden State Warriors,124,Phoenix Suns,109,0
2018-03-17,Detroit Pistons,87,Portland Trail Blazers,100,1
2018-03-17,Minnesota Timberwolves,101,San Antonio Spurs,117,1
2018-03-17,Sacramento Kings,97,Utah Jazz,103,1
2018-03-17,Indiana Pacers,102,Washington Wizards,109,1
2018-03-18,Portland Trail Blazers,122,Los Angeles Clippers,109,0
2018-03-18,Houston Rockets,129,Minnesota Timberwolves,120,0
2018-03-18,Boston Celtics,89,New Orleans Pelicans,108,1
2018-03-18,Oklahoma City Thunder,132,Toronto Raptors,125,0
2018-03-19,Memphis Grizzlies,115,Brooklyn Nets,118,1
2018-03-19,Milwaukee Bucks,117,Cleveland Cavaliers,124,1
2018-03-19,Los Angeles Lakers,100,Indiana Pacers,110,1
2018-03-19,Denver Nuggets,141,Miami Heat,149,1
2018-03-19,Chicago Bulls,92,New York Knicks,110,1
2018-03-19,Charlotte Hornets,94,Philadelphia 76ers,108,1
2018-03-19,Detroit Pistons,106,Sacramento Kings,90,0
2018-03-19,Golden State Warriors,75,San Antonio Spurs,89,1
2018-03-20,Oklahoma City Thunder,99,Boston Celtics,100,1
2018-03-20,Los Angeles Clippers,109,Minnesota Timberwolves,123,1
2018-03-20,Dallas Mavericks,105,New Orleans Pelicans,115,1
2018-03-20,Toronto Raptors,93,Orlando Magic,86,0
2018-03-20,Detroit Pistons,115,Phoenix Suns,88,0
2018-03-20,Houston Rockets,115,Portland Trail Blazers,111,0
2018-03-20,Atlanta Hawks,99,Utah Jazz,94,0
2018-03-21,Charlotte Hornets,111,Brooklyn Nets,105,0
2018-03-21,Denver Nuggets,135,Chicago Bulls,102,0
2018-03-21,Toronto Raptors,129,Cleveland Cavaliers,132,1
2018-03-21,New York Knicks,98,Miami Heat,119,1
2018-03-21,Los Angeles Clippers,127,Milwaukee Bucks,120,0
2018-03-21,Indiana Pacers,92,New Orleans Pelicans,96,1
2018-03-21,Memphis Grizzlies,105,Philadelphia 76ers,119,1
2018-03-21,Washington Wizards,90,San Antonio Spurs,98,1
2018-03-22,Memphis Grizzlies,79,Charlotte Hornets,140,1
2018-03-22,Utah Jazz,119,Dallas Mavericks,112,0
2018-03-22,Detroit Pistons,96,Houston Rockets,100,1
2018-03-22,Los Angeles Lakers,125,New Orleans Pelicans,128,1
2018-03-22,Philadelphia 76ers,118,Orlando Magic,98,0
2018-03-22,Atlanta Hawks,90,Sacramento Kings,105,1
2018-03-23,Milwaukee Bucks,118,Chicago Bulls,105,0
2018-03-23,Phoenix Suns,95,Cleveland Cavaliers,120,1
2018-03-23,Atlanta Hawks,94,Golden State Warriors,106,1
2018-03-23,Los Angeles Clippers,104,Indiana Pacers,109,1
2018-03-23,Minnesota Timberwolves,108,New York Knicks,104,0
2018-03-23,Miami Heat,99,Oklahoma City Thunder,105,1
2018-03-23,Boston Celtics,105,Portland Trail Blazers,100,0
2018-03-23,Utah Jazz,120,San Antonio Spurs,124,1
2018-03-23,Brooklyn Nets,112,Toronto Raptors,116,1
2018-03-23,Denver Nuggets,108,Washington Wizards,100,0
2018-03-24,Charlotte Hornets,102,Dallas Mavericks,98,0
2018-03-24,Chicago Bulls,95,Detroit Pistons,117,1
2018-03-24,New Orleans Pelicans,91,Houston Rockets,114,1
2018-03-24,Los Angeles Lakers,100,Memphis Grizzlies,93,0
2018-03-24,Phoenix Suns,99,Orlando Magic,105,1
2018-03-24,Minnesota Timberwolves,108,Philadelphia 76ers,120,1
2018-03-25,Cleveland Cavaliers,121,Brooklyn Nets,114,0
2018-03-25,Utah Jazz,110,Golden State Warriors,91,0
2018-03-25,Atlanta Hawks,99,Houston Rockets,118,1
2018-03-25,Miami Heat,107,Indiana Pacers,113,1
2018-03-25,San Antonio Spurs,103,Milwaukee Bucks,106,1
2018-03-25,Portland Trail Blazers,108,Oklahoma City Thunder,105,0
2018-03-25,Boston Celtics,104,Sacramento Kings,93,0
2018-03-25,Los Angeles Clippers,117,Toronto Raptors,106,0
2018-03-25,New York Knicks,101,Washington Wizards,97,0
2018-03-26,New York Knicks,128,Charlotte Hornets,137,1
2018-03-26,Los Angeles Lakers,106,Detroit Pistons,112,1
2018-03-26,Memphis Grizzlies,101,Minnesota Timberwolves,93,0
2018-03-26,Denver Nuggets,104,Philadelphia 76ers,123,1
2018-03-26,Boston Celtics,102,Phoenix Suns,94,0
2018-03-27,Indiana Pacers,92,Golden State Warriors,81,0
2018-03-27,Chicago Bulls,86,Houston Rockets,118,1
2018-03-27,Milwaukee Bucks,98,Los Angeles Clippers,105,1
2018-03-27,Cleveland Cavaliers,79,Miami Heat,98,1
2018-03-27,Portland Trail Blazers,107,New Orleans Pelicans,103,0
2018-03-27,Dallas Mavericks,103,Sacramento Kings,97,0
2018-03-27,Denver Nuggets,110,Toronto Raptors,114,1
2018-03-27,San Antonio Spurs,106,Washington Wizards,116,1
2018-03-28,Cleveland Cavaliers,118,Charlotte Hornets,105,0
2018-03-28,Dallas Mavericks,93,Los Angeles Lakers,103,1
2018-03-28,Portland Trail Blazers,103,Memphis Grizzlies,108,1
2018-03-28,Atlanta Hawks,114,Minnesota Timberwolves,126,1
2018-03-28,Brooklyn Nets,111,Orlando Magic,104,0
2018-03-28,New York Knicks,101,Philadelphia 76ers,118,1
2018-03-28,Los Angeles Clippers,111,Phoenix Suns,99,0
2018-03-28,Boston Celtics,97,Utah Jazz,94,0
2018-03-29,Washington Wizards,92,Detroit Pistons,103,1
2018-03-29,Milwaukee Bucks,116,Golden State Warriors,107,0
2018-03-29,Chicago Bulls,92,Miami Heat,103,1
2018-03-29,Indiana Pacers,106,Sacramento Kings,103,0
2018-03-29,Oklahoma City Thunder,99,San Antonio Spurs,103,1
2018-03-30,Philadelphia 76ers,101,Atlanta Hawks,91,0
2018-03-30,New Orleans Pelicans,102,Cleveland Cavaliers,107,1
2018-03-30,Minnesota Timberwolves,93,Dallas Mavericks,92,0
2018-03-30,Phoenix Suns,103,Houston Rockets,104,1
2018-03-30,Milwaukee Bucks,124,Los Angeles Lakers,122,0
2018-03-30,Denver Nuggets,126,Oklahoma City Thunder,125,0
2018-03-30,Chicago Bulls,90,Orlando Magic,82,0
2018-03-30,Los Angeles Clippers,96,Portland Trail Blazers,105,1
2018-03-30,Memphis Grizzlies,97,Utah Jazz,107,1
2018-03-31,Toronto Raptors,99,Boston Celtics,110,1
2018-03-31,Brooklyn Nets,110,Miami Heat,109,0
2018-03-31,Detroit Pistons,115,New York Knicks,109,0
2018-03-31,Golden State Warriors,112,Sacramento Kings,96,0
2018-03-31,Charlotte Hornets,93,Washington Wizards,107,1
2018-04-01,Orlando Magic,88,Atlanta Hawks,94,1
2018-04-01,Detroit Pistons,108,Brooklyn Nets,96,0
2018-04-01,Washington Wizards,94,Chicago Bulls,113,1
2018-04-01,Philadelphia 76ers,119,Charlotte Hornets,102,0
2018-04-01,Dallas Mavericks,87,Cleveland Cavaliers,98,1
2018-04-01,Milwaukee Bucks,125,Denver Nuggets,128,1
2018-04-01,Phoenix Suns,107,Golden State Warriors,117,1
2018-04-01,Indiana Pacers,111,Los Angeles Clippers,104,0
2018-04-01,Sacramento Kings,84,Los Angeles Lakers,83,0
2018-04-01,Utah Jazz,121,Minnesota Timberwolves,97,0
2018-04-01,Oklahoma City Thunder,109,New Orleans Pelicans,104,0
2018-04-01,Memphis Grizzlies,98,Portland Trail Blazers,113,1
2018-04-01,Houston Rockets,83,San Antonio Spurs,100,1
2018-04-03,Charlotte Hornets,114,Chicago Bulls,120,1
2018-04-03,Toronto Raptors,106,Cleveland Cavaliers,112,1
2018-04-03,Portland Trail Blazers,109,Dallas Mavericks,115,1
2018-04-03,Indiana Pacers,104,Denver Nuggets,107,1
2018-04-03,Washington Wizards,104,Houston Rockets,120,1
2018-04-03,San Antonio Spurs,110,Los Angeles Clippers,113,1
2018-04-03,Atlanta Hawks,98,Miami Heat,101,1
2018-04-03,Boston Celtics,102,Milwaukee Bucks,106,1
2018-04-03,Orlando Magic,97,New York Knicks,73,0
2018-04-03,Golden State Warriors,111,Oklahoma City Thunder,107,0
2018-04-03,Brooklyn Nets,95,Philadelphia 76ers,121,1
2018-04-03,Sacramento Kings,94,Phoenix Suns,97,1
2018-04-03,Los Angeles Lakers,110,Utah Jazz,117,1
2018-04-04,Miami Heat,115,Atlanta Hawks,86,0
2018-04-04,Philadelphia 76ers,115,Detroit Pistons,108,0
2018-04-04,San Antonio Spurs,112,Los Angeles Lakers,122,1
2018-04-04,Memphis Grizzlies,95,New Orleans Pelicans,123,1
2018-04-04,Dallas Mavericks,100,Orlando Magic,105,1
2018-04-04,Boston Celtics,78,Toronto Raptors,96,1
2018-04-05,Washington Wizards,115,Cleveland Cavaliers,119,1
2018-04-05,Minnesota Timberwolves,96,Denver Nuggets,100,1
2018-04-05,Portland Trail Blazers,94,Houston Rockets,96,1
2018-04-05,Golden State Warriors,106,Indiana Pacers,126,1
2018-04-05,Brooklyn Nets,119,Milwaukee Bucks,111,0
2018-04-05,Los Angeles Clippers,95,Utah Jazz,117,1
2018-04-06,Chicago Bulls,104,Boston Celtics,111,1
2018-04-06,Dallas Mavericks,106,Detroit Pistons,113,1
2018-04-06,Minnesota Timberwolves,113,Los Angeles Lakers,96,0
2018-04-06,Sacramento Kings,94,Memphis Grizzlies,93,0
2018-04-06,Miami Heat,98,New York Knicks,122,1
2018-04-06,Charlotte Hornets,137,Orlando Magic,100,0
2018-04-06,Cleveland Cavaliers,130,Philadelphia 76ers,132,1
2018-04-06,New Orleans Pelicans,122,Phoenix Suns,103,0
2018-04-06,Indiana Pacers,73,Toronto Raptors,92,1
2018-04-06,Atlanta Hawks,103,Washington Wizards,97,0
2018-04-07,Brooklyn Nets,124,Chicago Bulls,96,0
2018-04-07,New Orleans Pelicans,126,Golden State Warriors,120,0
2018-04-07,Oklahoma City Thunder,108,Houston Rockets,102,0
2018-04-07,Denver Nuggets,134,Los Angeles Clippers,115,0
2018-04-07,Milwaukee Bucks,115,New York Knicks,102,0
2018-04-07,Portland Trail Blazers,105,San Antonio Spurs,116,1
2018-04-08,Atlanta Hawks,112,Boston Celtics,106,0
2018-04-08,Indiana Pacers,123,Charlotte Hornets,117,0
2018-04-08,Utah Jazz,112,Los Angeles Lakers,97,0
2018-04-08,Detroit Pistons,117,Memphis Grizzlies,130,1
2018-04-08,Dallas Mavericks,97,Philadelphia 76ers,109,1
2018-04-08,Golden State Warriors,117,Phoenix Suns,100,0
2018-04-08,Orlando Magic,101,Toronto Raptors,112,1
2018-04-09,Chicago Bulls,105,Brooklyn Nets,114,1
2018-04-09,Portland Trail Blazers,82,Denver Nuggets,88,1
2018-04-09,Toronto Raptors,108,Detroit Pistons,98,0
2018-04-09,New Orleans Pelicans,113,Los Angeles Clippers,100,0
2018-04-09,Oklahoma City Thunder,115,Miami Heat,93,0
2018-04-09,Orlando Magic,86,Milwaukee Bucks,102,1
2018-04-09,Memphis Grizzlies,94,Minnesota Timberwolves,113,1
2018-04-09,Cleveland Cavaliers,123,New York Knicks,109,0
2018-04-09,Sacramento Kings,85,San Antonio Spurs,98,1
2018-04-10,Philadelphia 76ers,121,Atlanta Hawks,113,0
2018-04-10,Phoenix Suns,124,Dallas Mavericks,97,0
2018-04-10,Charlotte Hornets,119,Indiana Pacers,93,0
2018-04-10,Houston Rockets,105,Los Angeles Lakers,99,0
2018-04-10,Golden State Warriors,79,Utah Jazz,119,1
2018-04-10,Boston Celtics,101,Washington Wizards,113,1
2018-04-11,Brooklyn Nets,97,Boston Celtics,110,1
2018-04-11,Detroit Pistons,119,Chicago Bulls,87,0
2018-04-11,New York Knicks,110,Cleveland Cavaliers,98,0
2018-04-11,Los Angeles Lakers,115,Los Angeles Clippers,100,0
2018-04-11,Toronto Raptors,109,Miami Heat,116,1
2018-04-11,Denver Nuggets,106,Minnesota Timberwolves,112,1
2018-04-11,San Antonio Spurs,98,New Orleans Pelicans,122,1
2018-04-11,Memphis Grizzlies,123,Oklahoma City Thunder,137,1
2018-04-11,Washington Wizards,92,Orlando Magic,101,1
2018-04-11,Milwaukee Bucks,95,Philadelphia 76ers,130,1
2018-04-11,Utah Jazz,93,Portland Trail Blazers,102,1
2018-04-11,Houston Rockets,83,Sacramento Kings,96,1
